env,distract,method,task_id,mean_success,stderr_success,num_seeds
goal,False,cardpol,0,0.7400000095367432,0.039999999105930745,5
goal,False,cardpol,1,1.0,0.0,5
goal,False,cardpol,2,0.7599999964237213,0.10295629932571683,5
goal,False,cardpol,3,0.4800000011920929,0.06633249185338315,5
goal,False,cardpol,4,0.8599999904632568,0.05099019443456236,5
goal,False,cardpol,5,0.8,0.05477224704470123,5
goal,False,cardpol,6,0.899999988079071,0.03162277471682027,5
goal,False,cardpol,7,0.9399999976158142,0.060000002384185784,5
goal,False,cardpol,8,0.7400000095367432,0.039999999105930745,5
goal,False,cardpol,9,0.5400000035762786,0.09273618360521696,5
goal,False,curl,0,0.5599999964237213,0.10770328972307337,5
goal,False,curl,1,1.0,0.0,5
goal,False,curl,2,0.6799999952316285,0.1772004503230408,5
goal,False,curl,3,0.44000001102685926,0.1208304620914129,5
goal,False,curl,4,0.6,0.09999999403953572,5
goal,False,curl,5,0.5199999988079071,0.04898979193564424,5
goal,False,curl,6,0.5000000119209289,0.08944272043279201,5
goal,False,curl,7,0.9799999952316284,0.020000004768371583,5
goal,False,curl,8,0.580000002682209,0.17146427872718195,5
goal,False,curl,9,0.480000002682209,0.13564659602637727,5
goal,False,icvf,0,0.7599999964237213,0.11224971597461444,5
goal,False,icvf,1,0.8600000023841858,0.09797958934632474,5
goal,False,icvf,2,0.3999999985098839,0.1870828671483206,5
goal,False,icvf,3,0.6000000089406967,0.12649110829159954,5
goal,False,icvf,4,0.8,0.08366600122858425,5
goal,False,icvf,5,0.8199999988079071,0.11135528516906508,5
goal,False,icvf,6,0.7799999952316284,0.058309511384090254,5
goal,False,icvf,7,0.9799999952316284,0.020000004768371583,5
goal,False,icvf,8,0.620000010728836,0.06633249499839187,5
goal,False,icvf,9,0.4600000038743019,0.10295630120724414,5
goal,False,vae,0,0.8399999976158142,0.08124038067142061,5
goal,False,vae,1,0.4399999976158142,0.21587032852242932,5
goal,False,vae,2,0.4199999988079071,0.1319090564648839,5
goal,False,vae,3,0.0,0.0,5
goal,False,vae,4,0.419999997317791,0.13928387821431845,5
goal,False,vae,5,0.3800000071525574,0.10677078453000832,5
goal,False,vae,6,0.5400000095367432,0.11224972181561842,5
goal,False,vae,7,1.0,0.0,5
goal,False,vae,8,0.5400000095367432,0.16000000089406977,5
goal,False,vae,9,0.20000000596046444,0.054772257926970505,5
goal,False,vip,0,0.6800000011920929,0.08602324823593108,5
goal,False,vip,1,0.8799999952316284,0.037416570044537356,5
goal,False,vip,2,0.7799999952316284,0.0860232517003806,5
goal,False,vip,3,0.43333334227403003,0.18559214730109672,3
goal,False,vip,4,0.6400000005960464,0.12083045672686751,5
goal,False,vip,5,0.6600000023841858,0.05099019443456236,5
goal,False,vip,6,0.7399999976158143,0.08124038507351516,5
goal,False,vip,7,1.0,0.0,5
goal,False,vip,8,0.899999988079071,0.03162277471682027,5
goal,False,vip,9,0.2600000038743019,0.09273618553341713,5
goal,False,vqvae,0,0.8399999976158142,0.05099019443456236,5
goal,False,vqvae,1,0.6199999958276748,0.21540659044527455,5
goal,False,vqvae,2,0.5600000113248825,0.11661903989021793,5
goal,False,vqvae,3,0.44000000357627866,0.16309506371826568,5
goal,False,vqvae,4,0.5800000011920929,0.09695359475070432,5
goal,False,vqvae,5,0.5600000023841858,0.06782329666749178,5
goal,False,vqvae,6,0.7,0.05477225792697072,5
goal,False,vqvae,7,1.0,0.0,5
goal,False,vqvae,8,0.799999988079071,0.06324554472147804,5
goal,False,vqvae,9,0.10000000149011609,0.04472136021639597,5
goal,True,cardpol,0,0.6600000023841858,0.02449488866777382,5
goal,True,cardpol,1,0.9799999952316284,0.020000004768371583,5
goal,True,cardpol,2,0.44000000357627866,0.1288409865270565,5
goal,True,cardpol,3,0.3600000023841858,0.06782329930395917,5
goal,True,cardpol,4,0.8799999833106995,0.04898979558566862,5
goal,True,cardpol,5,0.6800000071525574,0.037416570044537356,5
goal,True,cardpol,6,0.8399999856948852,0.06000000039736446,5
goal,True,cardpol,7,1.0,0.0,5
goal,True,cardpol,8,0.720000010728836,0.10198038886912385,5
goal,True,cardpol,9,0.3600000008940697,0.10770329352780313,5
goal,True,curl,0,0.02000000029802322,0.020000000298023218,5
goal,True,curl,1,0.0,0.0,5
goal,True,curl,2,0.0,0.0,5
goal,True,curl,3,0.0,0.0,5
goal,True,curl,4,0.0,0.0,5
goal,True,curl,5,0.080000002682209,0.05830952122287297,5
goal,True,curl,6,0.04000000059604644,0.040000000596046435,5
goal,True,curl,7,0.14000000357627868,0.06000000188748041,5
goal,True,curl,8,0.02000000029802322,0.020000000298023218,5
goal,True,curl,9,0.0,0.0,5
goal,True,icvf,0,0.6400000095367432,0.05099019443456236,5
goal,True,icvf,1,0.9399999856948853,0.02449490326787042,5
goal,True,icvf,2,0.12000000178813933,0.03741657442528981,5
goal,True,icvf,3,0.4200000062584877,0.11575837010920426,5
goal,True,icvf,4,0.7600000023841857,0.050990189758789335,5
goal,True,icvf,5,0.5600000083446502,0.06782330194042689,5
goal,True,icvf,6,0.700000011920929,0.044721356884395436,5
goal,True,icvf,7,0.9,0.044721356884395436,5
goal,True,icvf,8,0.7400000035762787,0.10770329221344214,5
goal,True,icvf,9,0.4200000107288361,0.09165151786619083,5
goal,True,vae,0,0.7600000023841857,0.08124037773669077,5
goal,True,vae,1,0.6799999982118606,0.15297058486227672,5
goal,True,vae,2,0.5599999889731407,0.17204649963317178,5
goal,True,vae,3,0.14000000357627868,0.05099019706468422,5
goal,True,vae,4,0.5800000011920929,0.09695359475070432,5
goal,True,vae,5,0.4400000095367432,0.08717797640944984,5
goal,True,vae,6,0.5800000071525574,0.0734846887145832,5
goal,True,vae,7,0.8400000005960464,0.1599999994039535,5
goal,True,vae,8,0.4200000002980232,0.15297058447262907,5
goal,True,vae,9,0.20000000298023224,0.09486833043333952,5
goal,True,vip,0,0.6799999952316285,0.04898979558566862,5
goal,True,vip,1,0.9200000047683716,0.04898979193564424,5
goal,True,vip,2,0.5000000074505806,0.17320508333784457,4
goal,True,vip,3,0.2800000086426735,0.08602325681044355,5
goal,True,vip,4,0.5600000143051147,0.07483314964708028,5
goal,True,vip,5,0.5200000107288361,0.03741657800954254,5
goal,True,vip,6,0.7400000035762787,0.12489995944302698,5
goal,True,vip,7,0.9799999952316284,0.020000004768371583,5
goal,True,vip,8,0.6400000095367432,0.09273618392658375,5
goal,True,vip,9,0.14000000357627868,0.05099019706468421,5
goal,True,vqvae,0,0.5999999910593032,0.11832159112823161,5
goal,True,vqvae,1,0.5999999910593032,0.1483239629103879,5
goal,True,vqvae,2,0.5600000023841858,0.09273618007018328,5
goal,True,vqvae,3,0.26000000089406966,0.09797958934632471,5
goal,True,vqvae,4,0.5800000071525574,0.0860232517003806,5
goal,True,vqvae,5,0.5000000059604645,0.03162277942898055,5
goal,True,vqvae,6,0.620000010728836,0.08000000156462202,5
goal,True,vqvae,7,0.8599999904632568,0.06782330194042689,5
goal,True,vqvae,8,0.48000000417232513,0.08602325204682552,5
goal,True,vqvae,9,0.1600000023841858,0.10295630222037411,5
object,False,cardpol,0,0.9599999904632568,0.024494903267870422,5
object,False,cardpol,1,0.7399999976158143,0.09273618135565018,5
object,False,cardpol,2,0.9399999976158142,0.039999999105930745,5
object,False,cardpol,3,0.48000000715255736,0.09165151363898086,5
object,False,cardpol,4,0.3200000077486038,0.13190906143536194,5
object,False,cardpol,5,0.8399999856948852,0.08717797640944983,5
object,False,cardpol,6,0.720000010728836,0.11999999682108567,5
object,False,cardpol,7,0.6999999955296516,0.1760681670085649,5
object,False,cardpol,8,0.7400000005960464,0.15362291210562234,5
object,False,cardpol,9,0.8199999988079071,0.11999999955296518,5
object,False,curl,0,0.9199999928474426,0.03741657323053964,5
object,False,curl,1,0.580000002682209,0.13928388088892119,5
object,False,curl,2,0.7000000029802322,0.12649110534649916,5
object,False,curl,3,0.44000000357627866,0.11224972287761917,5
object,False,curl,4,0.7800000011920929,0.11999999607602772,5
object,False,curl,5,0.8599999964237213,0.11661903631247872,5
object,False,curl,6,0.9199999928474426,0.05830952160620233,5
object,False,curl,7,0.720000010728836,0.10198038886912385,5
object,False,curl,8,0.8399999976158142,0.09273618392658374,5
object,False,curl,9,0.6799999982118606,0.13190905488336835,5
object,False,icvf,0,0.8800000071525573,0.07999999523162842,5
object,False,icvf,1,0.6000000059604644,0.1224744847058096,5
object,False,icvf,2,0.8399999976158142,0.02449488866777382,5
object,False,icvf,3,0.32000000327825545,0.07999999942258003,5
object,False,icvf,4,0.6199999988079071,0.190787839689804,5
object,False,icvf,5,0.9599999904632568,0.02449490326787042,5
object,False,icvf,6,0.9199999928474426,0.03741657323053964,5
object,False,icvf,7,0.9,0.10000000000000002,5
object,False,icvf,8,0.5,0.21447610422782376,5
object,False,icvf,9,0.6400000095367432,0.05099019443456236,5
object,False,vae,0,0.6600000023841858,0.12489995586388399,5
object,False,vae,1,0.37999999821186065,0.1959591773999326,5
object,False,vae,2,0.6999999910593033,0.13038404433259235,5
object,False,vae,3,0.06000000089406966,0.024494897792834192,5
object,False,vae,4,0.44000000059604644,0.1691153450414078,5
object,False,vae,5,0.4400000095367432,0.1363818193298879,5
object,False,vae,6,0.5199999988079071,0.1881488739275987,5
object,False,vae,7,0.3200000062584877,0.11575837197573749,5
object,False,vae,8,0.4,0.24494897427831783,5
object,False,vae,9,0.8199999928474426,0.0860232503146008,5
object,False,vip,0,0.7000000059604645,0.1483239679335683,5
object,False,vip,1,0.6800000026822091,0.1655294526632544,5
object,False,vip,2,0.8399999976158142,0.0812403806714206,5
object,False,vip,3,0.46000000089406967,0.13638181692615436,5
object,False,vip,4,0.4600000023841858,0.20396078153731317,5
object,False,vip,5,0.9199999928474426,0.03741657323053964,5
object,False,vip,6,0.42500001192092896,0.143614071005508,4
object,False,vip,7,0.8600000023841858,0.0748331424785753,5
object,False,vip,8,0.7250000014901161,0.1600781049273807,4
object,False,vip,9,1.0,0.0,2
object,False,vqvae,0,0.6799999952316285,0.11135527954877723,5
object,False,vqvae,1,0.6599999979138375,0.1913112618619079,5
object,False,vqvae,2,0.8399999856948852,0.06000000039736446,5
object,False,vqvae,3,0.12000000178813934,0.0734846933785026,5
object,False,vqvae,4,0.7799999952316284,0.19595917869264945,5
object,False,vqvae,5,0.6199999988079071,0.10677078145964071,5
object,False,vqvae,6,0.2600000038743019,0.09273618553341714,5
object,False,vqvae,7,0.8199999928474426,0.07348468709235023,5
object,False,vqvae,8,0.33999999761581423,0.21354156403577865,5
object,False,vqvae,9,0.5399999991059303,0.1435269985146547,5
object,True,cardpol,0,0.7399999976158143,0.06782329842513694,5
object,True,cardpol,1,0.5400000035762786,0.10295629614159363,5
object,True,cardpol,2,0.799999988079071,0.06324554472147804,5
object,True,cardpol,3,0.6200000047683716,0.09695359690241673,5
object,True,cardpol,4,0.5199999928474426,0.149666291727405,5
object,True,cardpol,5,0.7200000047683716,0.05830952160620233,5
object,True,cardpol,6,0.6000000059604644,0.1303840471897595,5
object,True,cardpol,7,0.5799999907612801,0.11999999731779099,5
object,True,cardpol,8,0.7199999928474426,0.11999999135732665,5
object,True,cardpol,9,0.6200000047683716,0.08602325031460081,5
object,True,curl,0,0.02000000029802322,0.020000000298023218,5
object,True,curl,1,0.0,0.0,5
object,True,curl,2,0.02000000029802322,0.020000000298023218,5
object,True,curl,3,0.0,0.0,5
object,True,curl,4,0.02000000029802322,0.020000000298023218,5
object,True,curl,5,0.0,0.0,5
object,True,curl,6,0.0,0.0,5
object,True,curl,7,0.0,0.0,5
object,True,curl,8,0.0,0.0,5
object,True,curl,9,0.02000000029802322,0.020000000298023218,5
object,True,icvf,0,0.5600000053644181,0.10295630193090852,5
object,True,icvf,1,0.46000000834465027,0.11661904040132356,5
object,True,icvf,2,0.32000000178813937,0.18547236994205074,5
object,True,icvf,3,0.6399999976158142,0.039999996125698496,5
object,True,icvf,4,0.7600000023841857,0.09273618135565018,5
object,True,icvf,5,0.4800000160932541,0.08000000454485419,5
object,True,icvf,6,0.5400000050663948,0.14352700121400871,5
object,True,icvf,7,0.6399999976158142,0.09797958326295132,5
object,True,icvf,8,0.30000000149011613,0.1788854379500831,5
object,True,icvf,9,0.7,0.07071067390397028,5
object,True,vae,0,0.5600000023841858,0.07483314407157644,5
object,True,vae,1,0.3000000059604645,0.14832397195211267,5
object,True,vae,2,0.48000001907348633,0.12000000476837157,5
object,True,vae,3,0.2200000047683716,0.09695359813196656,5
object,True,vae,4,0.7599999964237213,0.1288409851391912,5
object,True,vae,5,0.5400000065565109,0.11661903465138565,5
object,True,vae,6,0.5000000029802323,0.1048808821175524,5
object,True,vae,7,0.48000000417232513,0.13928388153082563,5
object,True,vae,8,0.5200000047683716,0.21540659383494282,5
object,True,vae,9,0.6000000029802323,0.14491376499402778,5
object,True,vip,0,0.5799999952316284,0.07999999523162843,5
object,True,vip,1,0.32000000178813937,0.18547236994205074,5
object,True,vip,2,0.4200000077486038,0.09695359582656057,5
object,True,vip,3,0.6800000071525574,0.10677077838927337,5
object,True,vip,4,0.600000011920929,0.08366600122858428,5
object,True,vip,5,0.720000010728836,0.0800000011920929,5
object,True,vip,6,0.45000001788139343,0.15000000596046448,2
object,True,vip,7,0.6999999940395355,0.09486832257973815,5
object,True,vip,8,0.3999999947845936,0.29999999329447746,2
object,True,vqvae,0,0.4599999934434891,0.16309505997230556,5
object,True,vqvae,1,0.2199999988079071,0.14282856694332466,5
object,True,vqvae,2,0.5800000071525574,0.0734846887145832,5
object,True,vqvae,3,0.25999999791383743,0.14352699903376115,5
object,True,vqvae,4,0.36000000685453415,0.09273618770264244,5
object,True,vqvae,5,0.6399999931454659,0.13999999766903273,5
object,True,vqvae,6,0.4200000002980232,0.1881488758283693,5
object,True,vqvae,7,0.6,0.10488088140716735,5
object,True,vqvae,8,0.5600000053644181,0.10295630193090852,5
object,True,vqvae,9,0.5600000053644181,0.10295630193090852,5
spatial,False,cardpol,0,0.6600000143051148,0.0399999961256985,5
spatial,False,cardpol,1,0.8399999976158142,0.08124038067142061,5
spatial,False,cardpol,2,0.7600000023841857,0.10295629990464827,5
spatial,False,cardpol,3,0.6800000026822091,0.15297058598251403,5
spatial,False,cardpol,4,0.32000000327825545,0.07999999942258003,5
spatial,False,cardpol,5,0.6600000023841858,0.12083045845338777,5
spatial,False,cardpol,6,0.8399999976158142,0.0812403806714206,5
spatial,False,cardpol,7,0.5400000005960465,0.12083045783677336,5
spatial,False,cardpol,8,0.4799999937415123,0.13564659624608272,5
spatial,False,cardpol,9,0.1800000056624412,0.048989797410680457,5
spatial,False,curl,0,0.6600000023841858,0.05099019443456236,5
spatial,False,curl,1,0.44000000655651095,0.09273618392658377,5
spatial,False,curl,2,0.8600000023841858,0.0399999961256985,5
spatial,False,curl,3,0.539999994635582,0.1208304546303782,5
spatial,False,curl,4,0.38000000417232516,0.05830951777291013,5
spatial,False,curl,5,0.5799999937415123,0.18275666584077044,5
spatial,False,curl,6,0.6799999892711639,0.10198038419335076,5
spatial,False,curl,7,0.7799999952316284,0.08602325170038058,5
spatial,False,curl,8,0.22000000029802322,0.13190905770750339,5
spatial,False,curl,9,0.06000000089406966,0.040000000596046435,5
spatial,False,icvf,0,0.7599999964237213,0.10295629932571683,5
spatial,False,icvf,1,0.44000000804662703,0.12884098993889198,5
spatial,False,icvf,2,0.7199999928474426,0.06633249365053104,5
spatial,False,icvf,3,0.5800000041723251,0.12000000067055233,5
spatial,False,icvf,4,0.20000000149011612,0.10488088531428466,5
spatial,False,icvf,5,0.6399999976158142,0.1326649877503486,5
spatial,False,icvf,6,0.8599999904632568,0.05099019443456236,5
spatial,False,icvf,7,0.559999993443489,0.14696937763194481,5
spatial,False,icvf,8,0.5399999931454659,0.116619035162491,5
spatial,False,icvf,9,0.08000000119209288,0.03741657442528981,5
spatial,False,vae,0,0.38000000864267347,0.13564660289217823,5
spatial,False,vae,1,0.5800000041723251,0.17435595615199617,5
spatial,False,vae,2,0.7599999934434891,0.14352699820319081,5
spatial,False,vae,3,0.4400000020861626,0.13638181687152406,5
spatial,False,vae,4,0.0,0.0,5
spatial,False,vae,5,0.28000000566244126,0.11575837210446388,5
spatial,False,vae,6,0.4400000095367432,0.09273618521205042,5
spatial,False,vae,7,0.38000000864267347,0.08602325499160758,5
spatial,False,vae,8,0.24000000357627868,0.06782330084189861,5
spatial,False,vae,9,0.02000000029802322,0.020000000298023218,5
spatial,False,vip,0,1.0,,1
spatial,False,vip,1,0.7400000095367432,0.039999999105930745,5
spatial,False,vip,2,0.9199999928474426,0.03741657323053964,5
spatial,False,vip,3,0.6000000059604644,0.08366599766652551,5
spatial,False,vip,4,0.10000000298023222,0.054772257926970505,5
spatial,False,vip,5,0.5800000011920929,0.1685229926693882,5
spatial,False,vip,6,0.7600000023841857,0.12884098560181298,5
spatial,False,vip,7,0.6800000011920929,0.11575836521760022,5
spatial,False,vip,8,0.6199999988079071,0.08602324719659608,5
spatial,False,vip,9,0.12000000327825544,0.04898979695442744,5
spatial,False,vqvae,0,0.4200000077486038,0.13564660135423892,5
spatial,False,vqvae,1,0.5000000029802323,0.1673320064644843,5
spatial,False,vqvae,2,0.7,0.10488088140716745,5
spatial,False,vqvae,3,0.7,0.18439088946910936,5
spatial,False,vqvae,4,0.0,0.0,5
spatial,False,vqvae,5,0.1799999952316284,0.1799999952316284,5
spatial,False,vqvae,6,0.5400000065565109,0.10770329650241013,5
spatial,False,vqvae,7,0.42000001668930054,0.12000000476837157,5
spatial,False,vqvae,8,0.2800000011920929,0.09695359690241659,5
spatial,False,vqvae,9,0.02000000029802322,0.020000000298023218,5
spatial,True,cardpol,0,0.6800000011920929,0.09695359505809188,5
spatial,True,cardpol,1,0.659999993443489,0.12884098155387264,5
spatial,True,cardpol,2,0.8799999952316284,0.07348468709235023,5
spatial,True,cardpol,3,0.5200000017881393,0.10677078229701373,5
spatial,True,cardpol,4,0.20000000447034835,0.07071067969916159,5
spatial,True,cardpol,5,0.40000001192092893,0.1378404901154075,5
spatial,True,cardpol,6,0.799999988079071,0.044721356884395436,5
spatial,True,cardpol,7,0.5200000047683716,0.10198038828465225,5
spatial,True,cardpol,8,0.34000000506639483,0.06782329974337047,5
spatial,True,cardpol,9,0.160000005364418,0.06782330237983805,5
spatial,True,curl,0,0.06000000089406966,0.040000000596046435,5
spatial,True,curl,1,0.0,0.0,5
spatial,True,curl,2,0.10000000298023222,0.054772257926970505,5
spatial,True,curl,3,0.14000000357627868,0.05099019706468422,5
spatial,True,curl,4,0.0,0.0,5
spatial,True,curl,5,0.0,0.0,5
spatial,True,curl,6,0.06000000089406966,0.024494897792834192,5
spatial,True,curl,7,0.04000000059604644,0.024494897792834192,5
spatial,True,curl,8,0.04000000059604644,0.040000000596046435,5
spatial,True,curl,9,0.0,0.0,5
spatial,True,icvf,0,0.5600000083446502,0.05099019443456236,5
spatial,True,icvf,1,0.8,0.12247448713915889,5
spatial,True,icvf,2,0.8399999856948852,0.06000000039736446,5
spatial,True,icvf,3,0.5800000011920929,0.0734846923646071,5
spatial,True,icvf,4,0.1800000041723251,0.037416575620040665,5
spatial,True,icvf,5,0.3000000074505806,0.11401754551582591,5
spatial,True,icvf,6,0.6799999982118606,0.13190905488336835,5
spatial,True,icvf,7,0.6600000023841858,0.0678232931522017,5
spatial,True,icvf,8,0.26000000834465026,0.09273618922913424,5
spatial,True,icvf,9,0.02000000029802322,0.020000000298023218,5
spatial,True,vae,0,0.40000001192092893,0.08944272376479291,5
spatial,True,vae,1,0.5000000074505806,0.13416408064918794,5
spatial,True,vae,2,0.6600000023841858,0.0812403806714206,5
spatial,True,vae,3,0.5800000071525574,0.05830952160620233,5
spatial,True,vae,4,0.02000000029802322,0.020000000298023218,5
spatial,True,vae,5,0.02000000029802322,0.020000000298023218,5
spatial,True,vae,6,0.46000000536441804,0.09273618376590041,5
spatial,True,vae,7,0.3600000083446503,0.12884098884016526,5
spatial,True,vae,8,0.3600000113248825,0.06782330281924936,5
spatial,True,vae,9,0.18000000417232515,0.07348469398683995,5
spatial,True,vip,0,0.6800000071525574,0.05830950933966762,5
spatial,True,vip,1,0.48000000715255736,0.13564660168379722,5
spatial,True,vip,2,0.7600000023841857,0.10295629990464827,5
spatial,True,vip,3,0.5600000083446502,0.05099019443456236,5
spatial,True,vip,4,0.0,0.0,5
spatial,True,vip,5,0.24000000953674316,0.11224972606362142,5
spatial,True,vip,6,0.7199999928474426,0.04898978828562031,5
spatial,True,vip,7,0.5799999982118607,0.11575836483142093,5
spatial,True,vip,8,0.3600000098347664,0.0871779811099709,5
spatial,True,vip,9,0.180000002682209,0.06633249679553921,5
spatial,True,vqvae,0,0.48000000417232513,0.08602325204682552,5
spatial,True,vqvae,1,0.5599999979138375,0.13266498803115304,5
spatial,True,vqvae,2,0.8599999904632568,0.06782330194042689,5
spatial,True,vqvae,3,0.5800000011920929,0.08602324788948601,5
spatial,True,vqvae,4,0.0,0.0,5
spatial,True,vqvae,5,0.02000000029802322,0.020000000298023218,5
spatial,True,vqvae,6,0.3800000011920929,0.11575836701977005,5
spatial,True,vqvae,7,0.30000000149011613,0.08366600211909873,5
spatial,True,vqvae,8,0.16000000387430188,0.050990196918566315,5
spatial,True,vqvae,9,0.04000000059604644,0.024494897792834192,5
